{
    "Loss": 1.0869476795196533,
    "accuracy": 0.8846153616905212
}