{
    "Loss": 0.5449028611183167,
    "accuracy": 0.9487179517745972
}